1560576;http://stackoverflow.com/posts/1560576/revisions;2;0
;;3;3
8605700;http://stackoverflow.com/posts/8605700/revisions;2;2
;;3;-1
8081413;http://stackoverflow.com/posts/8081413/revisions;2;2|4
;;3;2|4
3848527;http://stackoverflow.com/posts/3848527/revisions;2;2|3
17233931;http://stackoverflow.com/posts/17233931/revisions;2;2
;;3;-1
15185932;http://stackoverflow.com/posts/15185932/revisions;2;2|3
;;3;-1
;;4;-1
;;5;-1
16113677;http://stackoverflow.com/posts/16113677/revisions;2;3
;;3;2
17219598;http://stackoverflow.com/posts/17219598/revisions;2;2
;;3;3
5042192;http://stackoverflow.com/posts/5042192/revisions;2;2
13715479;http://stackoverflow.com/posts/13715479/revisions;2;2
6469656;http://stackoverflow.com/posts/6469656/revisions;2;2
;;3;3
;;4;5
;;5;5
9777178;http://stackoverflow.com/posts/9777178/revisions;2;3|4
;;3;5
10769071;http://stackoverflow.com/posts/10769071/revisions;2;2|3
11515934;http://stackoverflow.com/posts/11515934/revisions;2;2
;;3;3
;;4;2|3
;;5;5
17477663;http://stackoverflow.com/posts/17477663/revisions;2;2
12116000;http://stackoverflow.com/posts/12116000/revisions;2;2
;;3;-1
;;4;-1
;;5;-1
;;6;3
;;7;2
16513057;http://stackoverflow.com/posts/16513057/revisions;2;3
;;3;2
;;4;-1
;;5;3
;;6;3
;;7;-1
16633891;http://stackoverflow.com/posts/16633891/revisions;2;-1
;;3;2|3
14307676;http://stackoverflow.com/posts/14307676/revisions;2;-1
;;3;2
12390444;http://stackoverflow.com/posts/12390444/revisions;2;-1
;;3;2|3
4440109;http://stackoverflow.com/posts/4440109/revisions;2;3
;;3;2|3
11951831;http://stackoverflow.com/posts/11951831/revisions;2;2
;;3;3
;;4;2
12169263;http://stackoverflow.com/posts/12169263/revisions;2;-1
;;3;2|3
;;4;-1
;;5;-1
;;6;-1
;;7;-1
;;8;-1
;;9;5
9451572;http://stackoverflow.com/posts/9451572/revisions;2;2
;;3;2
3772652;http://stackoverflow.com/posts/3772652/revisions;2;3
;;3;-1
;;4;3
6266935;http://stackoverflow.com/posts/6266935/revisions;2;-1
;;3;2|3
;;4;2
;;5;-1
8783690;http://stackoverflow.com/posts/8783690/revisions;2;2
5808185;http://stackoverflow.com/posts/5808185/revisions;2;2
;;3;-1
;;4;-1
;;5;-1
;;6;3
;;7;-1
;;8;-1
14338107;http://stackoverflow.com/posts/14338107/revisions;2;3
;;3;2
;;4;-1
7247932;http://stackoverflow.com/posts/7247932/revisions;2;2
;;3;2
5406783;http://stackoverflow.com/posts/5406783/revisions;2;-1
;;3;-1
;;4;2|3
;;5;-1
14956608;http://stackoverflow.com/posts/14956608/revisions;2;2
;;3;5
;;4;3
;;5;5
;;6;-1
;;7;-1
;;8;-1
12159043;http://stackoverflow.com/posts/12159043/revisions;2;2
15007812;http://stackoverflow.com/posts/15007812/revisions;2;-1
;;3;2|3
;;4;-1
8833093;http://stackoverflow.com/posts/8833093/revisions;2;2|3
;;3;-1
;;4;-1
17762375;http://stackoverflow.com/posts/17762375/revisions;2;3
;;3;3
;;4;-1
5761036;http://stackoverflow.com/posts/5761036/revisions;2;2|3
;;3;2|3
16375885;http://stackoverflow.com/posts/16375885/revisions;2;2
;;3;2
;;4;2
17279054;http://stackoverflow.com/posts/17279054/revisions;2;-1
;;3;-1
;;4;5
;;5;0|2|3
16226607;http://stackoverflow.com/posts/16226607/revisions;2;2|3
15677156;http://stackoverflow.com/posts/15677156/revisions;2;5
;;3;-1
;;4;3
;;5;3
12909923;http://stackoverflow.com/posts/12909923/revisions;2;2|3
;;3;-1
13664340;http://stackoverflow.com/posts/13664340/revisions;2;4
;;3;2|3
17358933;http://stackoverflow.com/posts/17358933/revisions;2;2
11966137;http://stackoverflow.com/posts/11966137/revisions;2;2
;;3;-1
17199194;http://stackoverflow.com/posts/17199194/revisions;2;3
;;3;4
9963612;http://stackoverflow.com/posts/9963612/revisions;2;2|3
;;3;2|3
;;4;3
4229214;http://stackoverflow.com/posts/4229214/revisions;2;5
;;3;2|3
;;4;5
;;5;5
;;6;2
4171873;http://stackoverflow.com/posts/4171873/revisions;2;2
;;3;4
;;4;-1
2510557;http://stackoverflow.com/posts/2510557/revisions;2;-2
;;3;2
;;4;2
5795939;http://stackoverflow.com/posts/5795939/revisions;2;2
;;3;2|3
5046373;http://stackoverflow.com/posts/5046373/revisions;2;0
;;3;0
;;4;0
;;5;0
;;6;0
2113638;http://stackoverflow.com/posts/2113638/revisions;2;5
;;3;3
;;4;2|3
;;5;5
;;6;3
;;7;2
8394855;http://stackoverflow.com/posts/8394855/revisions;2;0
16167019;http://stackoverflow.com/posts/16167019/revisions;2;-1
;;3;5
;;4;0|2|3
12332733;http://stackoverflow.com/posts/12332733/revisions;2;2
;;3;-1
;;4;5
;;5;2
;;6;3
;;7;3
14569584;http://stackoverflow.com/posts/14569584/revisions;2;3
;;3;3
;;4;-1
;;5;2|3
;;6;-1
;;7;-1
17848680;http://stackoverflow.com/posts/17848680/revisions;2;2|3
;;3;2
;;4;-1
8374386;http://stackoverflow.com/posts/8374386/revisions;2;-1
;;3;2
7538803;http://stackoverflow.com/posts/7538803/revisions;2;0
;;3;0
;;4;5
;;5;5
;;6;-1
15014004;http://stackoverflow.com/posts/15014004/revisions;2;2|3|5
17199221;http://stackoverflow.com/posts/17199221/revisions;2;2|3|5
1949814;http://stackoverflow.com/posts/1949814/revisions;2;3
;;3;3|5
;;4;-1
;;5;5
;;6;-1
6549623;http://stackoverflow.com/posts/6549623/revisions;2;0
;;3;-1
12888185;http://stackoverflow.com/posts/12888185/revisions;2;2|3
17150075;http://stackoverflow.com/posts/17150075/revisions;2;3
;;3;3
;;4;2
15936874;http://stackoverflow.com/posts/15936874/revisions;2;3
;;3;5
2603135;http://stackoverflow.com/posts/2603135/revisions;2;2|3
;;3;2
;;4;2
15827072;http://stackoverflow.com/posts/15827072/revisions;2;2
4126849;http://stackoverflow.com/posts/4126849/revisions;2;-1
;;3;3
;;4;2
;;5;-1
;;6;3
12220546;http://stackoverflow.com/posts/12220546/revisions;2;2
;;3;3
;;4;2
3235973;http://stackoverflow.com/posts/3235973/revisions;2;0
;;3;3
;;4;1
;;5;3
17606792;http://stackoverflow.com/posts/17606792/revisions;2;-1
;;3;-1
;;4;2
;;5;3
16566409;http://stackoverflow.com/posts/16566409/revisions;2;-1
;;3;-1
;;4;2
13203596;http://stackoverflow.com/posts/13203596/revisions;2;3
;;3;2
10580109;http://stackoverflow.com/posts/10580109/revisions;2;2
;;3;2
;;4;2
14587928;http://stackoverflow.com/posts/14587928/revisions;2;-1
;;3;-1
;;4;2
10082450;http://stackoverflow.com/posts/10082450/revisions;2;-1
;;3;2
14041238;http://stackoverflow.com/posts/14041238/revisions;2;-1
;;3;2
12255383;http://stackoverflow.com/posts/12255383/revisions;2;2
;;3;-1
;;4;-1
18017988;http://stackoverflow.com/posts/18017988/revisions;2;0
;;3;2
;;4;-1
3074202;http://stackoverflow.com/posts/3074202/revisions;2;4
;;3;2
;;4;2
;;5;4
;;6;3
;;7;3
15214749;http://stackoverflow.com/posts/15214749/revisions;2;2
;;3;2
;;4;2
5716127;http://stackoverflow.com/posts/5716127/revisions;2;3
;;3;3
;;4;5
17038956;http://stackoverflow.com/posts/17038956/revisions;2;-1
;;3;2
11687304;http://stackoverflow.com/posts/11687304/revisions;2;3
;;3;-1
15882406;http://stackoverflow.com/posts/15882406/revisions;2;3
;;3;2
;;4;-1
7273500;http://stackoverflow.com/posts/7273500/revisions;2;2
;;3;2
11792558;http://stackoverflow.com/posts/11792558/revisions;2;-1
;;3;2
;;4;5
444591;http://stackoverflow.com/posts/444591/revisions;2;3
;;3;5
;;4;5
;;5;3
8027586;http://stackoverflow.com/posts/8027586/revisions;2;2
;;3;2
12300465;http://stackoverflow.com/posts/12300465/revisions;2;3
11263347;http://stackoverflow.com/posts/11263347/revisions;2;-1
;;3;1
;;4;3
;;5;5
;;6;-1
12122292;http://stackoverflow.com/posts/12122292/revisions;2;0
;;3;3
;;4;2
;;5;3
;;6;3
;;7;-1
2642102;http://stackoverflow.com/posts/2642102/revisions;2;2
;;3;-1
;;4;2
;;5;-1
3569847;http://stackoverflow.com/posts/3569847/revisions;2;2
8470712;http://stackoverflow.com/posts/8470712/revisions;2;-1
;;3;2
5912761;http://stackoverflow.com/posts/5912761/revisions;2;2
;;3;-1
;;4;-1
;;5;-1
;;6;-1
1670858;http://stackoverflow.com/posts/1670858/revisions;2;3
;;3;0
;;4;-1
;;5;-1
;;6;5
6725823;http://stackoverflow.com/posts/6725823/revisions;2;-1
;;3;2
;;4;5
;;5;3
;;6;5
10776416;http://stackoverflow.com/posts/10776416/revisions;2;3
;;3;2
;;4;2
5556418;http://stackoverflow.com/posts/5556418/revisions;2;-1
;;3;-1
;;4;2
;;5;2
;;6;-1
16491960;http://stackoverflow.com/posts/16491960/revisions;2;-1
;;3;0
;;4;2
;;5;3
4044996;http://stackoverflow.com/posts/4044996/revisions;2;-1
;;3;3
16317473;http://stackoverflow.com/posts/16317473/revisions;2;-1
;;3;2
1659085;http://stackoverflow.com/posts/1659085/revisions;2;3
;;3;2
8495312;http://stackoverflow.com/posts/8495312/revisions;2;0
;;3;-1
;;4;3
;;5;1
;;6;-1
13801682;http://stackoverflow.com/posts/13801682/revisions;2;3
;;3;5
2529491;http://stackoverflow.com/posts/2529491/revisions;2;3
;;3;3
11552980;http://stackoverflow.com/posts/11552980/revisions;2;3
;;3;3
;;4;-1
;;5;5
13709527;http://stackoverflow.com/posts/13709527/revisions;2;3
8409306;http://stackoverflow.com/posts/8409306/revisions;2;2
;;3;-1
14362319;http://stackoverflow.com/posts/14362319/revisions;2;2
11970782;http://stackoverflow.com/posts/11970782/revisions;2;-1
;;3;-1
;;4;2
;;5;-1
10542117;http://stackoverflow.com/posts/10542117/revisions;2;3
;;3;2
2656481;http://stackoverflow.com/posts/2656481/revisions;2;-1
;;3;2
;;4;-1
;;5;3
;;6;3
16603365;http://stackoverflow.com/posts/16603365/revisions;2;3
;;3;5
;;4;3
;;5;3
;;6;3
;;7;3
;;8;3
;;9;5
;;10;3
;;11;5
;;12;5
;;13;3
;;14;5
;;15;5
;;16;5
;;17;3
2429159;http://stackoverflow.com/posts/2429159/revisions;2;3
221416;http://stackoverflow.com/posts/221416/revisions;2;3
16056553;http://stackoverflow.com/posts/16056553/revisions;2;3
;;3;-1
;;4;-1
;;5;-1
;;6;3
;;7;3
6485412;http://stackoverflow.com/posts/6485412/revisions;2;2
;;3;3
;;4;-1
;;5;3
17027308;http://stackoverflow.com/posts/17027308/revisions;2;-1
;;3;4
;;4;3
11469037;http://stackoverflow.com/posts/11469037/revisions;2;2
;;3;-1
;;4;-1
;;5;2
;;6;-1
;;7;3
16988403;http://stackoverflow.com/posts/16988403/revisions;2;-1
;;3;-1
;;4;-1
;;5;2
;;6;3
;;7;3
12035650;http://stackoverflow.com/posts/12035650/revisions;2;1
;;3;-1
;;4;-1
;;5;-1
;;6;3
;;7;1
;;8;1
;;9;-1
12322174;http://stackoverflow.com/posts/12322174/revisions;2;3
11241718;http://stackoverflow.com/posts/11241718/revisions;2;3
14115063;http://stackoverflow.com/posts/14115063/revisions;2;3
11264250;http://stackoverflow.com/posts/11264250/revisions;2;2
;;3;-1
6772988;http://stackoverflow.com/posts/6772988/revisions;2;2
;;3;5
;;4;3
3535101;http://stackoverflow.com/posts/3535101/revisions;2;-1
;;3;2
;;4;-1
;;5;-1
;;6;5
;;7;2
;;8;-1
;;9;5
15065343;http://stackoverflow.com/posts/15065343/revisions;2;-1
;;3;3
;;4;2
;;5;-1
13471373;http://stackoverflow.com/posts/13471373/revisions;2;2
;;3;5
7477510;http://stackoverflow.com/posts/7477510/revisions;2;3
;;3;3
8378631;http://stackoverflow.com/posts/8378631/revisions;2;3
;;3;-1
;;4;2
;;5;-1
;;6;3
;;7;-1
14479624;http://stackoverflow.com/posts/14479624/revisions;2;2
;;3;2
;;4;3
;;5;5
;;6;5
1896492;http://stackoverflow.com/posts/1896492/revisions;2;2
15819019;http://stackoverflow.com/posts/15819019/revisions;2;3
;;3;2
15126796;http://stackoverflow.com/posts/15126796/revisions;2;2
4118800;http://stackoverflow.com/posts/4118800/revisions;2;-1
;;3;2
;;4;2
;;5;3
;;6;2
;;7;3
;;8;3
;;9;-1
877272;http://stackoverflow.com/posts/877272/revisions;2;-1
;;3;-1
;;4;-1
13902101;http://stackoverflow.com/posts/13902101/revisions;2;-1
;;3;2
;;4;3
6889750;http://stackoverflow.com/posts/6889750/revisions;2;5
;;3;5
14045464;http://stackoverflow.com/posts/14045464/revisions;2;2
;;3;5
;;4;5
;;5;-1
13488409;http://stackoverflow.com/posts/13488409/revisions;2;-1
;;3;2
11809052;http://stackoverflow.com/posts/11809052/revisions;2;-1
;;3;3
;;4;3
;;5;-1
13995995;http://stackoverflow.com/posts/13995995/revisions;2;5
;;3;2
7189893;http://stackoverflow.com/posts/7189893/revisions;2;5
;;3;5
;;4;-1
14965025;http://stackoverflow.com/posts/14965025/revisions;2;-1
;;3;-1
;;4;3
;;5;3
12900644;http://stackoverflow.com/posts/12900644/revisions;2;0
;;3;3
;;4;2
15315238;http://stackoverflow.com/posts/15315238/revisions;2;-1
;;3;2
;;4;2
12130600;http://stackoverflow.com/posts/12130600/revisions;2;-1
;;3;-1
;;4;3
15192362;http://stackoverflow.com/posts/15192362/revisions;2;-1
;;3;-1
;;4;2
15268139;http://stackoverflow.com/posts/15268139/revisions;2;5
;;3;-1
12517676;http://stackoverflow.com/posts/12517676/revisions;2;2
12888365;http://stackoverflow.com/posts/12888365/revisions;2;3
;;3;-1
;;4;3
;;5;-1
16593198;http://stackoverflow.com/posts/16593198/revisions;2;-1
;;3;3
;;4;2
;;5;-1
8796463;http://stackoverflow.com/posts/8796463/revisions;2;3
8911152;http://stackoverflow.com/posts/8911152/revisions;2;2
;;3;-1
;;4;2
15155505;http://stackoverflow.com/posts/15155505/revisions;2;2
;;3;-1
;;4;2
7717176;http://stackoverflow.com/posts/7717176/revisions;2;5
14745652;http://stackoverflow.com/posts/14745652/revisions;2;3
;;3;-1
;;4;-1
;;5;2
13396284;http://stackoverflow.com/posts/13396284/revisions;2;-1
;;3;3
;;4;-1
;;5;2
9648445;http://stackoverflow.com/posts/9648445/revisions;2;2
;;3;-1
10203872;http://stackoverflow.com/posts/10203872/revisions;2;5
;;3;2
;;4;2
;;5;-1
;;6;-1
10176834;http://stackoverflow.com/posts/10176834/revisions;2;3
;;3;3
;;4;3
;;5;5
;;6;3
;;7;-1
15821123;http://stackoverflow.com/posts/15821123/revisions;2;2
4776263;http://stackoverflow.com/posts/4776263/revisions;2;-1
;;3;2
;;4;3
;;5;-1
13470024;http://stackoverflow.com/posts/13470024/revisions;2;-1
;;3;3
;;4;2
;;5;-1
11350346;http://stackoverflow.com/posts/11350346/revisions;2;-1
;;3;2
;;4;5
14421389;http://stackoverflow.com/posts/14421389/revisions;2;2
;;3;5
15980881;http://stackoverflow.com/posts/15980881/revisions;2;-1
;;3;-1
;;4;-1
;;5;-1
;;6;3
;;7;3
;;8;-1
;;9;-1
7707363;http://stackoverflow.com/posts/7707363/revisions;2;0
;;3;2
4184405;http://stackoverflow.com/posts/4184405/revisions;2;2
;;3;-1
;;4;2
790873;http://stackoverflow.com/posts/790873/revisions;2;2
;;3;3
16855387;http://stackoverflow.com/posts/16855387/revisions;2;-1
;;3;5
;;4;5
9333084;http://stackoverflow.com/posts/9333084/revisions;2;3
;;3;3
;;4;2
;;5;2
15973434;http://stackoverflow.com/posts/15973434/revisions;2;-1
;;3;2
;;4;5
;;5;2
;;6;-1
;;7;-1
12659098;http://stackoverflow.com/posts/12659098/revisions;2;2
;;3;3
;;4;3
;;5;3
7940449;http://stackoverflow.com/posts/7940449/revisions;2;-1
;;3;-1
;;4;2
7088483;http://stackoverflow.com/posts/7088483/revisions;2;-1
;;3;2
7809380;http://stackoverflow.com/posts/7809380/revisions;2;3
;;3;-1
11864421;http://stackoverflow.com/posts/11864421/revisions;2;-1
;;3;3
8888427;http://stackoverflow.com/posts/8888427/revisions;2;3
;;3;5
;;4;3
;;5;5
17054055;http://stackoverflow.com/posts/17054055/revisions;2;5
;;3;3
;;4;-1
;;5;-1
;;6;5
;;7;3
;;8;-1
;;9;-1
2939240;http://stackoverflow.com/posts/2939240/revisions;2;3
;;3;2
11970922;http://stackoverflow.com/posts/11970922/revisions;2;3
6340978;http://stackoverflow.com/posts/6340978/revisions;2;3
;;3;3
;;4;3
9886128;http://stackoverflow.com/posts/9886128/revisions;2;2
;;3;3
;;4;0
10074486;http://stackoverflow.com/posts/10074486/revisions;2;2
;;3;5
13656468;http://stackoverflow.com/posts/13656468/revisions;2;4
;;3;5
;;4;3
10322299;http://stackoverflow.com/posts/10322299/revisions;2;0
;;3;-1
9740668;http://stackoverflow.com/posts/9740668/revisions;2;2
;;3;3
;;4;3
11600277;http://stackoverflow.com/posts/11600277/revisions;2;-1
;;3;-1
;;4;-1
;;5;-1
;;6;2
;;7;-1
4264322;http://stackoverflow.com/posts/4264322/revisions;2;2
;;3;2
16628118;http://stackoverflow.com/posts/16628118/revisions;2;5
;;3;5
9378183;http://stackoverflow.com/posts/9378183/revisions;2;2
;;3;3
;;4;3
;;5;-1
12816108;http://stackoverflow.com/posts/12816108/revisions;2;-1
8669578;http://stackoverflow.com/posts/8669578/revisions;2;3
;;3;2
;;4;5
;;5;-1
1359255;http://stackoverflow.com/posts/1359255/revisions;2;2
;;3;5
10658189;http://stackoverflow.com/posts/10658189/revisions;2;-1
;;3;2
17996176;http://stackoverflow.com/posts/17996176/revisions;2;2
14645649;http://stackoverflow.com/posts/14645649/revisions;2;-1
;;3;-1
;;4;2
;;5;2
;;6;-1
6066901;http://stackoverflow.com/posts/6066901/revisions;2;3
;;3;3
;;4;4
;;5;3
;;6;-1
1548395;http://stackoverflow.com/posts/1548395/revisions;2;-1
;;3;3
;;4;3
;;5;5
8903060;http://stackoverflow.com/posts/8903060/revisions;2;3
;;3;2
;;4;-1
;;5;3
12437909;http://stackoverflow.com/posts/12437909/revisions;2;-1
;;3;2
8847766;http://stackoverflow.com/posts/8847766/revisions;2;3
;;3;2
8493465;http://stackoverflow.com/posts/8493465/revisions;2;2
;;3;3
7711129;http://stackoverflow.com/posts/7711129/revisions;2;2
10074522;http://stackoverflow.com/posts/10074522/revisions;2;-1
;;3;3
;;4;3
;;5;-1
14369181;http://stackoverflow.com/posts/14369181/revisions;2;-1
;;3;2
12005790;http://stackoverflow.com/posts/12005790/revisions;2;3
;;3;3
;;4;3
;;5;5
;;6;-1
;;7;-1
8126533;http://stackoverflow.com/posts/8126533/revisions;2;1
;;3;1
9705889;http://stackoverflow.com/posts/9705889/revisions;2;2
;;3;3
14747035;http://stackoverflow.com/posts/14747035/revisions;2;2
4710824;http://stackoverflow.com/posts/4710824/revisions;2;2
;;3;-1
13552044;http://stackoverflow.com/posts/13552044/revisions;2;-1
;;3;0
;;4;-1
;;5;3
;;6;-1
6076845;http://stackoverflow.com/posts/6076845/revisions;2;-1
;;3;5
;;4;5
;;5;-1
;;6;-1
;;7;-1
17265071;http://stackoverflow.com/posts/17265071/revisions;2;-1
;;3;2
;;4;-1
;;5;-1
;;6;2
13205936;http://stackoverflow.com/posts/13205936/revisions;2;5
13476274;http://stackoverflow.com/posts/13476274/revisions;2;2
;;3;5
;;4;-1
;;5;3
;;6;2
;;7;-1
;;8;-1
2400692;http://stackoverflow.com/posts/2400692/revisions;2;5
;;3;3
;;4;5
;;5;5
;;6;3
;;7;5
6603670;http://stackoverflow.com/posts/6603670/revisions;2;3
;;3;3
;;4;3
5609912;http://stackoverflow.com/posts/5609912/revisions;2;3
;;3;3
;;4;3
;;5;3
14180796;http://stackoverflow.com/posts/14180796/revisions;2;2
;;3;-1
;;4;3
;;5;-1
9992637;http://stackoverflow.com/posts/9992637/revisions;2;3
;;3;2
;;4;3
;;5;-1
1550782;http://stackoverflow.com/posts/1550782/revisions;2;1
;;3;3
;;4;5
;;5;3
;;6;2
;;7;-1
9243071;http://stackoverflow.com/posts/9243071/revisions;2;2
;;3;3
10688965;http://stackoverflow.com/posts/10688965/revisions;2;2
2034118;http://stackoverflow.com/posts/2034118/revisions;2;5
;;3;5
;;4;3
;;5;5
;;6;5
;;7;-1
;;8;-1
;;9;5
17615304;http://stackoverflow.com/posts/17615304/revisions;2;2
11897290;http://stackoverflow.com/posts/11897290/revisions;2;2
11413964;http://stackoverflow.com/posts/11413964/revisions;2;-1
;;3;2
;;4;2
;;5;3
11195128;http://stackoverflow.com/posts/11195128/revisions;2;5
;;3;5
;;4;2
15702486;http://stackoverflow.com/posts/15702486/revisions;2;2
9146840;http://stackoverflow.com/posts/9146840/revisions;2;-1
;;3;-1
;;4;3
;;5;3
11749849;http://stackoverflow.com/posts/11749849/revisions;2;2
;;3;-1
16312794;http://stackoverflow.com/posts/16312794/revisions;2;2
;;3;2
9572827;http://stackoverflow.com/posts/9572827/revisions;2;-1
;;3;2
;;4;3
;;5;2
1554910;http://stackoverflow.com/posts/1554910/revisions;2;2
7193057;http://stackoverflow.com/posts/7193057/revisions;2;-1
;;3;0
;;4;2
12941795;http://stackoverflow.com/posts/12941795/revisions;2;3
13513809;http://stackoverflow.com/posts/13513809/revisions;2;2
;;3;2
;;4;3
;;5;3
;;6;2
3449321;http://stackoverflow.com/posts/3449321/revisions;2;2
9679341;http://stackoverflow.com/posts/9679341/revisions;2;2
;;3;-1
1173998;http://stackoverflow.com/posts/1173998/revisions;2;2
;;3;-1
;;4;-1
;;5;2
11112872;http://stackoverflow.com/posts/11112872/revisions;2;2
3736455;http://stackoverflow.com/posts/3736455/revisions;2;3
;;3;-1
;;4;2
17859062;http://stackoverflow.com/posts/17859062/revisions;2;2
10715640;http://stackoverflow.com/posts/10715640/revisions;2;2
16652793;http://stackoverflow.com/posts/16652793/revisions;2;-1
;;3;2
;;4;-1
;;5;-1
;;6;-1
;;7;3
;;8;3
;;9;2
;;10;3
;;11;2
15444475;http://stackoverflow.com/posts/15444475/revisions;2;2
;;3;-1
10537469;http://stackoverflow.com/posts/10537469/revisions;2;-1
;;3;5
15890942;http://stackoverflow.com/posts/15890942/revisions;2;2
;;3;0
;;4;2
;;5;-1
;;6;5
2914815;http://stackoverflow.com/posts/2914815/revisions;2;3
;;3;5
14265771;http://stackoverflow.com/posts/14265771/revisions;2;3
11088388;http://stackoverflow.com/posts/11088388/revisions;2;2
13855237;http://stackoverflow.com/posts/13855237/revisions;2;4
;;3;2
;;4;-1
;;5;3
;;6;-1
15672065;http://stackoverflow.com/posts/15672065/revisions;2;3
;;3;2
6613512;http://stackoverflow.com/posts/6613512/revisions;2;3
;;3;3
9728428;http://stackoverflow.com/posts/9728428/revisions;2;0
;;3;3
;;4;2
;;5;3
16388621;http://stackoverflow.com/posts/16388621/revisions;2;-1
;;3;3
;;4;-1
7430670;http://stackoverflow.com/posts/7430670/revisions;2;2
;;3;5
11541007;http://stackoverflow.com/posts/11541007/revisions;2;2
9740819;http://stackoverflow.com/posts/9740819/revisions;2;2
5583381;http://stackoverflow.com/posts/5583381/revisions;2;4
;;3;2
9591318;http://stackoverflow.com/posts/9591318/revisions;2;3
;;3;2
;;4;5
9486871;http://stackoverflow.com/posts/9486871/revisions;2;5
;;3;3
;;4;-1
;;5;4
;;6;3
;;7;4
;;8;-1
;;9;2
;;10;5
;;11;-1
1860120;http://stackoverflow.com/posts/1860120/revisions;2;2
;;3;5
;;4;5
14907933;http://stackoverflow.com/posts/14907933/revisions;2;3
17211934;http://stackoverflow.com/posts/17211934/revisions;2;3
;;3;-1
;;4;-1
;;5;3
11024928;http://stackoverflow.com/posts/11024928/revisions;2;0
;;3;3
;;4;-1
;;5;-1
;;6;2
794032;http://stackoverflow.com/posts/794032/revisions;2;2
9710115;http://stackoverflow.com/posts/9710115/revisions;2;2
;;3;3
;;4;5
;;5;-1
6597158;http://stackoverflow.com/posts/6597158/revisions;2;3
;;3;2
;;4;-1
11894193;http://stackoverflow.com/posts/11894193/revisions;2;3
;;3;3
;;4;3
7941212;http://stackoverflow.com/posts/7941212/revisions;2;3
;;3;5
;;4;3
;;5;2
;;6;2
16314186;http://stackoverflow.com/posts/16314186/revisions;2;2
;;3;2
2251310;http://stackoverflow.com/posts/2251310/revisions;2;0
;;3;-1
;;4;-1
;;5;-1
;;6;5
1106481;http://stackoverflow.com/posts/1106481/revisions;2;-1
;;3;3
;;4;-1
4621747;http://stackoverflow.com/posts/4621747/revisions;2;5
12794420;http://stackoverflow.com/posts/12794420/revisions;2;2
9608969;http://stackoverflow.com/posts/9608969/revisions;2;3
;;3;5
;;4;5
11699661;http://stackoverflow.com/posts/11699661/revisions;2;3
;;3;2
;;4;3
17293883;http://stackoverflow.com/posts/17293883/revisions;2;-1
;;3;-1
;;4;-1
;;5;-1
;;6;-1
;;7;2
;;8;2
;;9;2
6572605;http://stackoverflow.com/posts/6572605/revisions;2;-1
;;3;2
;;4;-1
;;5;5
;;6;3
12102206;http://stackoverflow.com/posts/12102206/revisions;2;1
;;3;2
;;4;5
;;5;2
;;6;2
;;7;-1
7103039;http://stackoverflow.com/posts/7103039/revisions;2;3
3598912;http://stackoverflow.com/posts/3598912/revisions;2;3
;;3;3
7719489;http://stackoverflow.com/posts/7719489/revisions;2;3
;;3;-1
;;4;5
;;5;3
9167426;http://stackoverflow.com/posts/9167426/revisions;2;2
2634307;http://stackoverflow.com/posts/2634307/revisions;2;0
;;3;3
12630600;http://stackoverflow.com/posts/12630600/revisions;2;3
;;3;3
;;4;5
17488652;http://stackoverflow.com/posts/17488652/revisions;2;-1
;;3;3
;;4;3
;;5;3
;;6;3
;;7;5
8796746;http://stackoverflow.com/posts/8796746/revisions;2;3
11254347;http://stackoverflow.com/posts/11254347/revisions;2;3
;;3;3
;;4;3
;;5;3
6033996;http://stackoverflow.com/posts/6033996/revisions;2;-1
;;3;3
;;4;5
;;5;3
;;6;-1
9220689;http://stackoverflow.com/posts/9220689/revisions;2;-1
;;3;2
14708516;http://stackoverflow.com/posts/14708516/revisions;2;2
;;3;-1
;;4;3
9486118;http://stackoverflow.com/posts/9486118/revisions;2;3
;;3;2
;;4;-1
;;5;-1
;;6;-1
6485799;http://stackoverflow.com/posts/6485799/revisions;2;-1
;;3;-1
;;4;3
;;5;-1
;;6;3
;;7;3
;;8;3
;;9;2
15085352;http://stackoverflow.com/posts/15085352/revisions;2;3
;;3;0
;;4;3
;;5;3
;;6;2
16228140;http://stackoverflow.com/posts/16228140/revisions;2;2
;;3;3
10719022;http://stackoverflow.com/posts/10719022/revisions;2;-1
;;3;-1
;;4;5
17665116;http://stackoverflow.com/posts/17665116/revisions;2;1
;;3;3
;;4;-1
;;5;2
7972658;http://stackoverflow.com/posts/7972658/revisions;2;2
;;3;-1
;;4;2
;;5;-1
;;6;-1
4949811;http://stackoverflow.com/posts/4949811/revisions;2;3
;;3;-1
;;4;2
13864758;http://stackoverflow.com/posts/13864758/revisions;2;-1
;;3;2
;;4;-1
17108795;http://stackoverflow.com/posts/17108795/revisions;2;2
;;3;-1
;;4;3
;;5;-1
13156159;http://stackoverflow.com/posts/13156159/revisions;2;5
;;3;-1
;;4;3
;;5;3
15730498;http://stackoverflow.com/posts/15730498/revisions;2;-1
;;3;5
16324419;http://stackoverflow.com/posts/16324419/revisions;2;3
;;3;2
;;4;-1
221001;http://stackoverflow.com/posts/221001/revisions;2;5
;;3;-1
;;4;2
5873482;http://stackoverflow.com/posts/5873482/revisions;2;2
;;3;2
;;4;5
;;5;2
;;6;-1
7429964;http://stackoverflow.com/posts/7429964/revisions;2;5
;;3;5
;;4;-1
1083213;http://stackoverflow.com/posts/1083213/revisions;2;3
;;3;2
14866254;http://stackoverflow.com/posts/14866254/revisions;2;3
;;3;3
;;4;3
13129357;http://stackoverflow.com/posts/13129357/revisions;2;2
;;3;-1
;;4;-1
5105976;http://stackoverflow.com/posts/5105976/revisions;2;3
14700370;http://stackoverflow.com/posts/14700370/revisions;2;0
;;3;2
;;4;-1
;;5;3
;;6;-1
13791059;http://stackoverflow.com/posts/13791059/revisions;2;2
;;3;-1
;;4;-1
;;5;3
;;6;-1
;;7;3
;;8;5
18001749;http://stackoverflow.com/posts/18001749/revisions;2;3
;;3;5
;;4;-1
14579547;http://stackoverflow.com/posts/14579547/revisions;2;2
9529181;http://stackoverflow.com/posts/9529181/revisions;2;2
;;3;2
;;4;-1
;;5;5
14008158;http://stackoverflow.com/posts/14008158/revisions;2;0
;;3;1
;;4;5
7241591;http://stackoverflow.com/posts/7241591/revisions;2;-1
;;3;-1
;;4;3
;;5;5
;;6;-1
;;7;-1
9607008;http://stackoverflow.com/posts/9607008/revisions;2;2
;;3;-1
;;4;-1
;;5;-1
4181857;http://stackoverflow.com/posts/4181857/revisions;2;3
;;3;2
6430562;http://stackoverflow.com/posts/6430562/revisions;2;2
8977895;http://stackoverflow.com/posts/8977895/revisions;2;-1
;;3;2
;;4;0
;;5;-1
11284326;http://stackoverflow.com/posts/11284326/revisions;2;-1
;;3;3
;;4;2
7811729;http://stackoverflow.com/posts/7811729/revisions;2;3
;;3;2
16338792;http://stackoverflow.com/posts/16338792/revisions;2;3
;;3;2
17852050;http://stackoverflow.com/posts/17852050/revisions;2;2
6389615;http://stackoverflow.com/posts/6389615/revisions;2;2
15648628;http://stackoverflow.com/posts/15648628/revisions;2;3
12654453;http://stackoverflow.com/posts/12654453/revisions;2;-1
;;3;2
8447862;http://stackoverflow.com/posts/8447862/revisions;2;3
;;3;2
;;4;3
;;5;3
;;6;2
10964855;http://stackoverflow.com/posts/10964855/revisions;2;2
;;3;2
16815764;http://stackoverflow.com/posts/16815764/revisions;2;5
10700669;http://stackoverflow.com/posts/10700669/revisions;2;4
;;3;5
;;4;5
;;5;5
11366272;http://stackoverflow.com/posts/11366272/revisions;2;3
;;3;-1
;;4;-1
11540354;http://stackoverflow.com/posts/11540354/revisions;2;-1
;;3;-1
;;4;-1
;;5;2
16199557;http://stackoverflow.com/posts/16199557/revisions;2;5
;;3;-1
;;4;-1
;;5;3
12263745;http://stackoverflow.com/posts/12263745/revisions;2;1
;;3;-1
;;4;0
;;5;0
;;6;0
;;7;5
;;8;-1
;;9;-1
;;10;-1
;;11;-1
;;12;-1
;;13;-1
;;14;-1
;;15;-1
;;16;-1
;;17;-1
16990088;http://stackoverflow.com/posts/16990088/revisions;2;2
;;3;2
;;4;5
10182539;http://stackoverflow.com/posts/10182539/revisions;2;2
;;3;-1
;;4;2
;;5;3
13369228;http://stackoverflow.com/posts/13369228/revisions;2;2
10614082;http://stackoverflow.com/posts/10614082/revisions;2;1
14866319;http://stackoverflow.com/posts/14866319/revisions;2;-1
;;3;2
;;4;-1
8933264;http://stackoverflow.com/posts/8933264/revisions;2;-1
;;3;-1
;;4;2
;;5;-1
4994985;http://stackoverflow.com/posts/4994985/revisions;2;3
;;3;-1
;;4;3
12903747;http://stackoverflow.com/posts/12903747/revisions;2;3
;;3;2
;;4;3
12023997;http://stackoverflow.com/posts/12023997/revisions;2;-1
;;3;3
;;4;2
;;5;-1
8765335;http://stackoverflow.com/posts/8765335/revisions;2;2
7717764;http://stackoverflow.com/posts/7717764/revisions;2;-1
;;3;5
;;4;3
;;5;5
3639198;http://stackoverflow.com/posts/3639198/revisions;2;3
;;3;3
;;4;5
16205727;http://stackoverflow.com/posts/16205727/revisions;2;3
;;3;3
;;4;-1
;;5;5
;;6;-1
14337952;http://stackoverflow.com/posts/14337952/revisions;2;2
;;3;2
;;4;2
;;5;5
9709473;http://stackoverflow.com/posts/9709473/revisions;2;5
;;3;-1
;;4;5
;;5;-1
2594726;http://stackoverflow.com/posts/2594726/revisions;2;5
;;3;-1
;;4;5
;;5;5
14369777;http://stackoverflow.com/posts/14369777/revisions;2;-1
;;3;-1
;;4;2
;;5;-1
;;6;-1
4011944;http://stackoverflow.com/posts/4011944/revisions;2;5
1884073;http://stackoverflow.com/posts/1884073/revisions;2;5
;;3;2
8674822;http://stackoverflow.com/posts/8674822/revisions;2;3
;;3;5
;;4;-1
;;5;-1
3164076;http://stackoverflow.com/posts/3164076/revisions;2;3
;;3;5
14632877;http://stackoverflow.com/posts/14632877/revisions;2;3
;;3;5
;;4;3
13081692;http://stackoverflow.com/posts/13081692/revisions;2;2
2758577;http://stackoverflow.com/posts/2758577/revisions;2;3
;;3;3
;;4;4
10362804;http://stackoverflow.com/posts/10362804/revisions;2;-1
;;3;3
;;4;2
17934264;http://stackoverflow.com/posts/17934264/revisions;2;-1
;;3;5
15488956;http://stackoverflow.com/posts/15488956/revisions;2;-1
;;3;4
;;4;-1
;;5;2
13523274;http://stackoverflow.com/posts/13523274/revisions;2;3
3910646;http://stackoverflow.com/posts/3910646/revisions;2;5
;;3;5
;;4;5
;;5;5
9754087;http://stackoverflow.com/posts/9754087/revisions;2;5
;;3;2
8712137;http://stackoverflow.com/posts/8712137/revisions;2;0
;;3;3
16390090;http://stackoverflow.com/posts/16390090/revisions;2;-1
;;3;3
;;4;-1
;;5;2
;;6;2
11253707;http://stackoverflow.com/posts/11253707/revisions;2;3
;;3;-1
13289421;http://stackoverflow.com/posts/13289421/revisions;2;-1
;;3;2
17280974;http://stackoverflow.com/posts/17280974/revisions;2;3
;;3;-1
;;4;2
8493007;http://stackoverflow.com/posts/8493007/revisions;2;5
2680786;http://stackoverflow.com/posts/2680786/revisions;2;2
13787811;http://stackoverflow.com/posts/13787811/revisions;2;2
6285269;http://stackoverflow.com/posts/6285269/revisions;2;-1
;;3;2
;;4;2
;;5;-1
16125913;http://stackoverflow.com/posts/16125913/revisions;2;2
;;3;-1
;;4;2
;;5;-1
;;6;5
;;7;-1
11450331;http://stackoverflow.com/posts/11450331/revisions;2;2
;;3;3
9035743;http://stackoverflow.com/posts/9035743/revisions;2;1
;;3;-1
11224400;http://stackoverflow.com/posts/11224400/revisions;2;2
;;3;-1
10682342;http://stackoverflow.com/posts/10682342/revisions;2;-1
;;3;2
;;4;-1
;;5;-1
16179176;http://stackoverflow.com/posts/16179176/revisions;2;3
;;3;3
;;4;-1
;;5;-1
14026734;http://stackoverflow.com/posts/14026734/revisions;2;-1
;;3;-1
;;4;2
4943859;http://stackoverflow.com/posts/4943859/revisions;2;-1
;;3;3
;;4;2
;;5;3
8083445;http://stackoverflow.com/posts/8083445/revisions;2;5
;;3;5
;;4;5
;;5;-1
8837114;http://stackoverflow.com/posts/8837114/revisions;2;2
632831;http://stackoverflow.com/posts/632831/revisions;2;3
;;3;2
;;4;-1
;;5;-1
6386384;http://stackoverflow.com/posts/6386384/revisions;2;-1
;;3;-1
12914685;http://stackoverflow.com/posts/12914685/revisions;2;2
;;3;2
;;4;2
;;5;2
12198229;http://stackoverflow.com/posts/12198229/revisions;2;-1
;;3;2
;;4;-1
;;5;2
;;6;-1
;;7;-1ed